{
    "peak": -0.4000546967426924,
    "peak_max": -0.33534576405401306
}